Squad,Confederation,Comp,Method,Notes
dz Algeria,CAF,WCQ — CAF (M) - First round,1st place - Group G,
ar Argentina,CONMEBOL,WCQ — CONMEBOL (M) - World Cup qualification,1st place,
au Australia,AFC,WCQ — AFC (M) - Third round,2nd place - Group C,
at Austria,UEFA,WCQ — UEFA (M) - First round,1st place - Group H,
be Belgium,UEFA,WCQ — UEFA (M) - First round,1st place - Group J,
ba Bosnia and Herzegovina,UEFA,WCQ — UEFA (M) - Second round — Finals,Defeated it Italy,
br Brazil,CONMEBOL,WCQ — CONMEBOL (M) - World Cup qualification,5th place,
cv Cabo Verde,CAF,WCQ — CAF (M) - First round,1st place - Group D,
ca Canada,CONCACAF,,Competition Host,Canada qualified as host.
co Colombia,CONMEBOL,WCQ — CONMEBOL (M) - World Cup qualification,3rd place,
cd Congo DR,CAF,FIFA World Cup Qualification — Inter-confederation play-offs - WCQ — Inter-confederation play-offs finals (M),Defeated jm Jamaica,
cd Congo DR,CAF,WCQ — CAF (M) - Second round — Final,Defeated ng Nigeria,
ci Côte d'Ivoire,CAF,WCQ — CAF (M) - First round,1st place - Group F,
hr Croatia,UEFA,WCQ — UEFA (M) - First round,1st place - Group L,
cw Curaçao,CONCACAF,WCQ — CONCACAF (M) - Third round,1st place - Group B,
cz Czechia,UEFA,WCQ — UEFA (M) - Second round — Finals,Defeated dk Denmark,
ec Ecuador,CONMEBOL,WCQ — CONMEBOL (M) - World Cup qualification,2nd place,
eg Egypt,CAF,WCQ — CAF (M) - First round,1st place - Group A,
eng England,UEFA,WCQ — UEFA (M) - First round,1st place - Group K,
fr France,UEFA,WCQ — UEFA (M) - First round,1st place - Group D,
de Germany,UEFA,WCQ — UEFA (M) - First round,1st place - Group A,
gh Ghana,CAF,WCQ — CAF (M) - First round,1st place - Group I,
ht Haiti,CONCACAF,WCQ — CONCACAF (M) - Third round,1st place - Group C,
ir IR Iran,AFC,WCQ — AFC (M) - Third round,1st place - Group A,
iq Iraq,AFC,FIFA World Cup Qualification — Inter-confederation play-offs - WCQ — Inter-confederation play-offs finals (M),Defeated bo Bolivia,
iq Iraq,AFC,WCQ — AFC (M) - Fifth round,Defeated ae United Arab Emirates,
jp Japan,AFC,WCQ — AFC (M) - Third round,1st place - Group C,
jo Jordan,AFC,WCQ — AFC (M) - Third round,2nd place - Group B,
kr Korea Republic,AFC,WCQ — AFC (M) - Third round,1st place - Group B,
mx Mexico,CONCACAF,,Competition Host,Mexico qualified as host.
ma Morocco,CAF,WCQ — CAF (M) - First round,1st place - Group E,
nl Netherlands,UEFA,WCQ — UEFA (M) - First round,1st place - Group G,
nz New Zealand,OFC,WCQ — OFC (M) - Third round — Final,Defeated nc New Caledonia,
no Norway,UEFA,WCQ — UEFA (M) - First round,1st place - Group I,
pa Panama,CONCACAF,WCQ — CONCACAF (M) - Third round,1st place - Group A,
py Paraguay,CONMEBOL,WCQ — CONMEBOL (M) - World Cup qualification,6th place,
pt Portugal,UEFA,WCQ — UEFA (M) - First round,1st place - Group F,
qa Qatar,AFC,WCQ — AFC (M) - Fourth round,1st place - Group A,
sa Saudi Arabia,AFC,WCQ — AFC (M) - Fourth round,1st place - Group B,
sct Scotland,UEFA,WCQ — UEFA (M) - First round,1st place - Group C,
sn Senegal,CAF,WCQ — CAF (M) - First round,1st place - Group B,
za South Africa,CAF,WCQ — CAF (M) - First round,1st place - Group C,
es Spain,UEFA,WCQ — UEFA (M) - First round,1st place - Group E,
se Sweden,UEFA,WCQ — UEFA (M) - Second round — Finals,Defeated pl Poland,
ch Switzerland,UEFA,WCQ — UEFA (M) - First round,1st place - Group B,
tn Tunisia,CAF,WCQ — CAF (M) - First round,1st place - Group H,
tr Türkiye,UEFA,WCQ — UEFA (M) - Second round — Finals,Defeated xk Kosovo,
us United States,CONCACAF,,Competition Host,United States qualified as host.
uy Uruguay,CONMEBOL,WCQ — CONMEBOL (M) - World Cup qualification,4th place,
uz Uzbekistan,AFC,WCQ — AFC (M) - Third round,2nd place - Group A,
